Metric	RCT	observational study	other
Precision	0.6666666666666666	0.8446601941747572	0.6923076923076923
Recall	0.8888888888888888	0.9775280898876404	0.6
F1	0.761904761904762	0.9062499999999999	0.6428571428571429
Micro-F1	0.8961748633879781
Macro-F1	0.8870553841156408
